<?xml version="1.0" encoding="UTF-8"?>
<!DOCTYPE editor-preferences PUBLIC "-//NetBeans//DTD Editor Preferences 1.0//EN" "http://www.netbeans.org/dtds/EditorPreferences-1_0.dtd">
<editor-preferences>
    <entry javaType="java.lang.Boolean" name="blankLineAfterJavadocDescription" xml:space="preserve"><value><![CDATA[false]]></value></entry>
    <entry javaType="java.lang.String" name="blankLinesAfterClassHeader" xml:space="preserve"><value><![CDATA[0]]></value></entry>
    <entry javaType="java.lang.String" name="blankLinesBeforeImports" xml:space="preserve"><value><![CDATA[0]]></value></entry>
    <entry javaType="java.lang.String" name="blankLinesBeforeMethods" xml:space="preserve"><value><![CDATA[0]]></value></entry>
    <entry javaType="java.lang.String" name="classDeclBracePlacement" xml:space="preserve"><value><![CDATA[NEW_LINE]]></value></entry>
    <entry javaType="java.lang.Boolean" name="enable-indent" xml:space="preserve"><value><![CDATA[true]]></value></entry>
    <entry javaType="java.lang.Boolean" name="enableBlockCommentFormatting" xml:space="preserve"><value><![CDATA[true]]></value></entry>
    <entry javaType="java.lang.Boolean" name="javaAutoPopupOnIdentifierPart" xml:space="preserve"><value><![CDATA[true]]></value></entry>
    <entry javaType="java.lang.Boolean" name="javaCompletionSubwords" xml:space="preserve"><value><![CDATA[true]]></value></entry>
    <entry javaType="java.lang.String" name="methodDeclBracePlacement" xml:space="preserve"><value><![CDATA[NEW_LINE]]></value></entry>
    <entry javaType="java.lang.String" name="moduleDeclBracePlacement" xml:space="preserve"><value><![CDATA[NEW_LINE]]></value></entry>
    <entry javaType="java.lang.String" name="on-save-reformat" xml:space="preserve"><value><![CDATA[always]]></value></entry>
    <entry javaType="java.lang.String" name="on-save-remove-trailing-whitespace" xml:space="preserve"><value><![CDATA[always]]></value></entry>
    <entry javaType="java.lang.Boolean" name="on-save-use-global-settings" xml:space="preserve"><value><![CDATA[true]]></value></entry>
    <entry javaType="java.lang.Boolean" name="on-save.Imports_UNUSED" xml:space="preserve"><value><![CDATA[true]]></value></entry>
    <entry javaType="java.lang.Boolean" name="on-save.org.netbeans.modules.java.hints.OrganizeImports" xml:space="preserve"><value><![CDATA[true]]></value></entry>
    <entry javaType="java.lang.String" name="otherBracePlacement" xml:space="preserve"><value><![CDATA[NEW_LINE]]></value></entry>
    <entry javaType="java.lang.Boolean" name="placeCatchOnNewLine" xml:space="preserve"><value><![CDATA[true]]></value></entry>
    <entry javaType="java.lang.Boolean" name="placeElseOnNewLine" xml:space="preserve"><value><![CDATA[true]]></value></entry>
    <entry javaType="java.lang.Boolean" name="placeFinallyOnNewLine" xml:space="preserve"><value><![CDATA[true]]></value></entry>
    <entry javaType="java.lang.Boolean" name="placeWhileOnNewLine" xml:space="preserve"><value><![CDATA[true]]></value></entry>
    <entry javaType="java.lang.String" name="redundantForBraces" xml:space="preserve"><value><![CDATA[LEAVE_ALONE]]></value></entry>
    <entry javaType="java.lang.String" name="redundantIfBraces" xml:space="preserve"><value><![CDATA[LEAVE_ALONE]]></value></entry>
    <entry javaType="java.lang.Boolean" name="spaceBeforeCatchParen" xml:space="preserve"><value><![CDATA[false]]></value></entry>
    <entry javaType="java.lang.Boolean" name="spaceBeforeForParen" xml:space="preserve"><value><![CDATA[false]]></value></entry>
    <entry javaType="java.lang.Boolean" name="spaceBeforeIfParen" xml:space="preserve"><value><![CDATA[false]]></value></entry>
    <entry javaType="java.lang.Boolean" name="spaceBeforeSwitchLeftBrace" xml:space="preserve"><value><![CDATA[false]]></value></entry>
    <entry javaType="java.lang.Boolean" name="spaceBeforeSwitchParen" xml:space="preserve"><value><![CDATA[false]]></value></entry>
    <entry javaType="java.lang.Boolean" name="spaceBeforeSynchronizedParen" xml:space="preserve"><value><![CDATA[false]]></value></entry>
    <entry javaType="java.lang.Boolean" name="spaceBeforeTryLeftBrace" xml:space="preserve"><value><![CDATA[false]]></value></entry>
    <entry javaType="java.lang.Boolean" name="spaceBeforeTryParen" xml:space="preserve"><value><![CDATA[false]]></value></entry>
    <entry javaType="java.lang.Boolean" name="spaceBeforeWhileParen" xml:space="preserve"><value><![CDATA[false]]></value></entry>
    <entry javaType="java.lang.String" name="wrapCaseStatements" xml:space="preserve"><value><![CDATA[WRAP_IF_LONG]]></value></entry>
    <entry javaType="java.lang.Boolean" name="wrapCommentText" xml:space="preserve"><value><![CDATA[false]]></value></entry>
    <entry javaType="java.lang.String" name="wrapLambdaArrow" xml:space="preserve"><value><![CDATA[WRAP_IF_LONG]]></value></entry>
    <entry javaType="java.lang.String" name="wrapLambdaParams" xml:space="preserve"><value><![CDATA[WRAP_IF_LONG]]></value></entry>
    <entry javaType="java.lang.Boolean" name="wrapOneLineComment" xml:space="preserve"><value><![CDATA[false]]></value></entry>
    <entry name="code-folding-collapse-innerclass" remove="true"/>
    <entry name="code-folding-collapse-javadoc" remove="true"/>
    <entry name="code-folding-collapse-method" remove="true"/>
    <entry name="pair-characters-completion" remove="true"/>
    <entry name="show-deprecated-members" remove="true"/>
</editor-preferences>
